budget_review_count_id,budget_review_count_track_number,budget_review_count_name,budget_review_count_number,fk_account_system_id,budget_review_count_created_date,budget_review_count_created_by,budget_review_count_last_modified_date,budget_review_count_last_modified_by,fk_status_id,fk_approval_id
1,BUNT-22411,Budget_review_count # BUNT-22411,4,4,2020-12-21,1,2020-12-21 11:12:08,1,421,1144
2,BUNT-52024,Budget_review_count # BUNT-52024,4,3,2020-12-21,1,2020-12-21 11:12:30,1,421,1145
3,BUNT-24501,Budget_review_count # BUNT-24501,4,5,2021-02-25,1,2021-02-25 13:51:10,1,421,20126
4,BUNT-51945,Budget_review_count # BUNT-51945,4,6,2022-05-12,1,2022-05-12 07:36:13,1,421,3465633
6,BUNT-50464,Budget_review_count # BUNT-74932,4,9,2023-07-18,2801,2023-07-18 14:40:31,"0",421,19589575
7,BUNT-72290,Budget_review_count # BUNT-48073,4,10,2023-07-21,1,2023-07-21 06:37:11,"0",421,19696528
8,BUNT-50263,Budget_review_count # BUNT-58975,4,11,2024-06-19,4008,2024-06-19 10:07:02,"0",421,31903039
9,BUNT-502631,Budget_review_count # BUNT-589751,4,12,2024-06-19,4008,2024-06-19 10:07:02,"0",421,31903039
10,BUNT-15634,Budget_review_count # BUNT-3063,4,13,2024-09-25,4008,2024-09-25 11:08:24,"0",421,35707546
11,BUNT-10618,Budget_review_count # BUNT-68634,4,14,2024-09-25,4008,2024-09-25 11:08:57,"0",421,35707582
12,BUNT-63861,Budget_review_count # BUNT-74124,4,15,2025-03-16,1,2025-03-16 20:08:45,,421,43344708
