item_reason_id,item_reason_track_number,item_reason_name,item_reason_is_active,fk_approve_item_id,item_reason_created_by,item_reason_created_date,item_reason_last_modified_by,item_reason_last_modified_date,fk_status_id,fk_approval_id
1,ITON-73075,Wrong cancelled cheque,1,101,1,2023-02-14,1,2023-02-14 08:39:21,2945,12359295
2,ITON-70345,Bankers Cheque Leaf,1,101,1,2023-02-14,1,2023-02-14 08:40:09,2945,12359296
3,ITON-81054,"Missing cheque during system transitions	",1,101,1,2023-02-14,1,2023-02-14 08:40:32,2945,12359297
4,ITON-6188,Lost Cheque Book,1,109,1,2023-02-14,1,2023-02-14 08:48:19,2945,12359299
5,ITON-30304,Change of New Cheque Serial Number Sequence,1,109,1,2023-02-14,1,2023-02-14 08:48:49,2945,12359300
6,ITON-2863,Damaged Cheque Cheque Book,1,109,1,2023-02-14,1,2023-02-14 08:49:22,2945,12359301
7,ITON-81054,"Chequebook Registered with Less Leaves	",1,101,1,2023-02-14,1,2023-02-14 08:40:32,2945,12359297
8,ITON-59502,Spoiled Cheque,1,144,2801,2024-07-18,2801,2024-07-18 14:02:22,2897,33635232
9,ITON-86882,Incorrect Info on Cheque,1,144,2801,2024-07-18,2801,2024-07-18 14:02:41,2897,33635264
10,ITON-74778,Others,1,144,2801,2024-07-18,2801,2024-07-18 14:02:59,2897,33635273
