permission_id,permission_track_number,permission_name,permission_description,permission_is_active,fk_permission_label_id,permission_type,permission_field,permission_is_global,fk_menu_id,fk_approval_id,fk_status_id,permission_created_date,permission_created_by,permission_deleted_at,permission_last_modified_date,permission_last_modified_by
9,PEON-86182,Create Approval flow,Create Approval flow,1,1,1,"",1,3,44,56,2020-08-20,1,,2020-08-20 12:07:18,1
10,PEON-33063,Read Approval flow,Read Approval flow,1,2,1,"","0",3,45,56,2020-08-20,1,,2020-08-20 12:07:19,1
11,PEON-27426,Update Approval flow,Update Approval flow,1,3,1,"",1,3,46,56,2020-08-20,1,,2020-08-20 12:07:19,1
12,PEON-5369,Delete Approval flow,Delete Approval flow,1,4,1,"",1,3,47,56,2020-08-20,1,,2020-08-20 12:07:19,1
17,PEON-56165,Create Bank,Create Bank,1,1,1,"","0",5,52,56,2020-08-20,1,,2020-08-20 12:07:19,1
18,PEON-80903,Read Bank,Read Bank,1,2,1,"","0",5,53,56,2020-08-20,1,,2020-08-20 12:07:19,1
19,PEON-43893,Update Bank,Update Bank,1,3,1,"","0",5,54,56,2020-08-20,1,,2020-08-20 12:07:19,1
20,PEON-46842,Delete Bank,Delete Bank,1,4,1,"",1,5,55,56,2020-08-20,1,,2020-08-20 12:07:19,1
21,PEON-20595,Create Budget,Create Budget,1,1,1,"","0",6,56,56,2020-08-20,1,,2020-08-20 12:07:19,1
22,PEON-65753,Read Budget,Read Budget,1,2,1,"","0",6,57,56,2020-08-20,1,,2020-08-20 12:07:19,1
23,PEON-88008,Update Budget,Update Budget,1,3,1,"","0",6,58,56,2020-08-20,1,,2020-08-20 12:07:19,1
24,PEON-16074,Delete Budget,Delete Budget,1,4,1,"",1,6,59,56,2020-08-20,1,,2020-08-20 12:07:19,1
25,PEON-56412,Create Budget item,Create Budget item,1,1,1,"","0",7,60,56,2020-08-20,1,,2020-08-20 12:07:19,1
26,PEON-50860,Read Budget item,Read Budget item,1,2,1,"","0",7,61,56,2020-08-20,1,,2020-08-20 12:07:19,1
27,PEON-26799,Update Budget item,Update Budget item,1,3,1,"","0",7,62,56,2020-08-20,1,,2020-08-20 12:07:19,1
28,PEON-13829,Delete Budget item,Delete Budget item,1,4,1,"",1,7,63,56,2020-08-20,1,,2020-08-20 12:07:19,1
105,PEON-74542,Create Expense account,Create Expense account,1,1,1,"",1,27,140,56,2020-08-20,1,,2020-08-20 12:07:20,1
106,PEON-8686,Read Expense account,Read Expense account,1,2,1,"","0",27,141,56,2020-08-20,1,,2020-08-20 12:07:20,1
107,PEON-86077,Update Expense account,Update Expense account,1,3,1,"",1,27,142,56,2020-08-20,1,,2020-08-20 12:07:20,1
108,PEON-58073,Delete Expense account,Delete Expense account,1,4,1,"",1,27,143,56,2020-08-20,1,,2020-08-20 12:07:20,1
113,PEON-3832,Create Funder,Create Funder,1,1,1,"","0",29,148,56,2020-08-20,1,,2020-08-20 12:07:20,1
114,PEON-76069,Read Funder,Read Funder,1,2,1,"","0",29,149,56,2020-08-20,1,,2020-08-20 12:07:20,1
115,PEON-56804,Update Funder,Update Funder,1,3,1,"","0",29,150,56,2020-08-20,1,,2020-08-20 12:07:20,1
116,PEON-11175,Delete Funder,Delete Funder,1,4,1,"",1,29,151,56,2020-08-20,1,,2020-08-20 12:07:20,1
125,PEON-11513,Create Income account,Create Income account,1,1,1,"",1,32,160,56,2020-08-20,1,,2020-08-20 12:07:20,1
126,PEON-67933,Read Income account,Read Income account,1,2,1,"","0",32,161,56,2020-08-20,1,,2020-08-20 12:07:20,1
127,PEON-51757,Update Income account,Update Income account,1,3,1,"",1,32,162,56,2020-08-20,1,,2020-08-20 12:07:20,1
128,PEON-66282,Delete Income account,Delete Income account,1,4,1,"",1,32,163,56,2020-08-20,1,,2020-08-20 12:07:20,1
129,PEON-82227,Create Journal,Create Journal,1,1,1,"","0",33,164,56,2020-08-20,1,,2020-08-20 12:07:20,1
130,PEON-54385,Read Journal,Read Journal,1,2,1,"","0",33,165,56,2020-08-20,1,,2020-08-20 12:07:20,1
131,PEON-66400,Update Journal,Update Journal,1,3,1,"","0",33,166,56,2020-08-20,1,,2020-08-20 12:07:20,1
132,PEON-54206,Delete Journal,Delete Journal,1,4,1,"",1,33,167,56,2020-08-20,1,,2020-08-20 12:07:20,1
149,PEON-84547,Create Office,Create Office,1,1,1,"","0",38,184,56,2020-08-20,1,,2020-08-20 12:07:20,1
150,PEON-74582,Read Office,Read Office,1,2,1,"","0",38,185,56,2020-08-20,1,,2020-08-20 12:07:20,1
151,PEON-34348,Update Office,Update Office,1,3,1,"","0",38,186,56,2020-08-20,1,,2020-08-20 12:07:20,1
152,PEON-55438,Delete Office,Delete Office,1,4,1,"",1,38,187,56,2020-08-20,1,,2020-08-20 12:07:20,1
153,PEON-88420,Create Office bank,Create Office bank,1,1,1,"","0",39,188,56,2020-08-20,1,,2020-08-20 12:07:20,1
154,PEON-33066,Read Office bank,Read Office bank,1,2,1,"","0",39,189,56,2020-08-20,1,,2020-08-20 12:07:20,1
155,PEON-51169,Update Office bank,Update Office bank,1,3,1,"","0",39,190,56,2020-08-20,1,,2020-08-20 12:07:20,1
156,PEON-77705,Delete Office bank,Delete Office bank,1,4,1,"",1,39,191,56,2020-08-20,1,,2020-08-20 12:07:20,1
157,PEON-69861,Create Office bank project allocation,Create Office bank project allocation,1,1,1,"","0",40,192,56,2020-08-20,1,,2020-08-20 12:07:20,1
158,PEON-76066,Read Office bank project allocation,Read Office bank project allocation,1,2,1,"","0",40,193,56,2020-08-20,1,,2020-08-20 12:07:20,1
159,PEON-6796,Update Office bank project allocation,Update Office bank project allocation,1,3,1,"","0",40,194,56,2020-08-20,1,,2020-08-20 12:07:20,1
160,PEON-56643,Delete Office bank project allocation,Delete Office bank project allocation,1,4,1,"",1,40,195,56,2020-08-20,1,,2020-08-20 12:07:20,1
161,PEON-1255,Create Office cash,Create Office cash,1,1,1,"","0",41,196,56,2020-08-20,1,,2020-08-20 12:07:20,1
162,PEON-17016,Read Office cash,Read Office cash,1,2,1,"","0",41,197,56,2020-08-20,1,,2020-08-20 12:07:20,1
163,PEON-44060,Update Office cash,Update Office cash,1,3,1,"","0",41,198,56,2020-08-20,1,,2020-08-20 12:07:20,1
164,PEON-19787,Delete Office cash,Delete Office cash,1,4,1,"",1,41,199,56,2020-08-20,1,,2020-08-20 12:07:20,1
165,PEON-28148,Create Opening bank balance,Create Opening bank balance,1,1,1,"","0",42,200,56,2020-08-20,1,,2020-08-20 12:07:20,1
166,PEON-85925,Read Opening bank balance,Read Opening bank balance,1,2,1,"","0",42,201,56,2020-08-20,1,,2020-08-20 12:07:20,1
167,PEON-60464,Update Opening bank balance,Update Opening bank balance,1,3,1,"","0",42,202,56,2020-08-20,1,,2020-08-20 12:07:20,1
168,PEON-29696,Delete Opening bank balance,Delete Opening bank balance,1,4,1,"",1,42,203,56,2020-08-20,1,,2020-08-20 12:07:20,1
177,PEON-65968,Create Project,Create Project,1,1,1,"","0",45,212,56,2020-08-20,1,,2020-08-20 12:07:20,1
178,PEON-46270,Read Project,Read Project,1,2,1,"","0",45,213,56,2020-08-20,1,,2020-08-20 12:07:20,1
179,PEON-86682,Update Project,Update Project,1,3,1,"","0",45,214,56,2020-08-20,1,,2020-08-20 12:07:20,1
180,PEON-12066,Delete Project,Delete Project,1,4,1,"",1,45,215,56,2020-08-20,1,,2020-08-20 12:07:20,1
181,PEON-63355,Create Project allocation,Create Project allocation,1,1,1,"","0",46,216,56,2020-08-20,1,,2020-08-20 12:07:20,1
182,PEON-42751,Read Project allocation,Read Project allocation,1,2,1,"","0",46,217,56,2020-08-20,1,,2020-08-20 12:07:20,1
183,PEON-4919,Update Project allocation,Update Project allocation,1,3,1,"","0",46,218,56,2020-08-20,1,,2020-08-20 12:07:20,1
184,PEON-38329,Delete Project allocation,Delete Project allocation,1,4,1,"",1,46,219,56,2020-08-20,1,,2020-08-20 12:07:20,1
189,PEON-86654,Create Project income account,Create Project income account,1,1,1,"","0",48,224,56,2020-08-20,1,,2020-08-20 12:07:20,1
190,PEON-21777,Read Project income account,Read Project income account,1,2,1,"","0",48,225,56,2020-08-20,1,,2020-08-20 12:07:20,1
191,PEON-31338,Update Project income account,Update Project income account,1,3,1,"","0",48,226,56,2020-08-20,1,,2020-08-20 12:07:20,1
192,PEON-20031,Delete Project income account,Delete Project income account,1,4,1,"",1,48,227,56,2020-08-20,1,,2020-08-20 12:07:20,1
205,PEON-54098,Create Role,Create Role,1,1,1,"","0",52,240,56,2020-08-20,1,,2020-08-20 12:07:21,1
206,PEON-46615,Read Role,Read Role,1,2,1,"","0",52,241,56,2020-08-20,1,,2020-08-20 12:07:21,1
207,PEON-26675,Update Role,Update Role,1,3,1,"","0",52,242,56,2020-08-20,1,,2020-08-20 12:07:21,1
208,PEON-77609,Delete Role,Delete Role,1,4,1,"",1,52,243,56,2020-08-20,1,,2020-08-20 12:07:21,1
213,PEON-67281,Create System opening balance,Create System opening balance,1,1,1,"",1,54,248,56,2020-08-20,1,,2020-08-20 12:07:21,1
214,PEON-42603,Read System opening balance,Read System opening balance,1,2,1,"","0",54,249,56,2020-08-20,1,,2020-08-20 12:07:21,1
215,PEON-32490,Update System opening balance,Update System opening balance,1,3,1,"","0",54,250,56,2020-08-20,1,,2020-08-20 12:07:21,1
216,PEON-1666,Delete System opening balance,Delete System opening balance,1,4,1,"",1,54,251,56,2020-08-20,1,,2020-08-20 12:07:21,1
221,PEON-89150,Create User,Create User,1,1,1,"","0",56,256,56,2020-08-20,1,,2020-08-20 12:07:21,1
222,PEON-20122,Read User,Read User,1,2,1,"","0",56,257,56,2020-08-20,1,,2020-08-20 12:07:21,1
223,PEON-50606,Update User,Update User,1,3,1,"","0",56,258,56,2020-08-20,1,,2020-08-20 12:07:21,1
224,PEON-82444,Delete User,Delete User,1,4,1,"",1,56,259,56,2020-08-20,1,,2020-08-20 12:07:21,1
229,PEON-63756,Create Voucher,Create Voucher,1,1,1,"","0",58,264,56,2020-08-20,1,,2020-08-20 12:07:21,1
230,PEON-37595,Read Voucher,Read Voucher,1,2,1,"","0",58,265,56,2020-08-20,1,,2020-08-20 12:07:21,1
231,PEON-12554,Update Voucher,Update Voucher,1,3,1,"","0",58,266,56,2020-08-20,1,,2020-08-20 12:07:21,1
232,PEON-61940,Delete Voucher,Delete Voucher,1,4,1,"",1,58,267,56,2020-08-20,1,,2020-08-20 12:07:21,1
233,PEON-3111,Create Voucher type,Create Voucher type,1,1,1,"","0",59,268,56,2020-08-20,1,,2020-08-20 12:07:21,1
234,PEON-46857,Read Voucher type,Read Voucher type,1,2,1,"","0",59,269,56,2020-08-20,1,,2020-08-20 12:07:21,1
235,PEON-75018,Update Voucher type,Update Voucher type,1,3,1,"","0",59,270,56,2020-08-20,1,,2020-08-20 12:07:21,1
236,PEON-70725,Delete Voucher type,Delete Voucher type,1,4,1,"",1,59,271,56,2020-08-20,1,,2020-08-20 12:07:21,1
265,PEON-6520,Create Budget item detail,Create Budget item detail,1,1,1,"","0",66,390,56,2020-09-01,1,,2020-09-01 13:34:40,1
266,PEON-25043,Read Budget item detail,Read Budget item detail,1,2,1,"","0",66,391,56,2020-09-01,1,,2020-09-01 13:34:40,1
267,PEON-17038,Update Budget item detail,Update Budget item detail,1,3,1,"","0",66,392,56,2020-09-01,1,,2020-09-01 13:34:40,1
268,PEON-83158,Delete Budget item detail,Delete Budget item detail,1,4,1,"",1,66,393,56,2020-09-01,1,,2020-09-01 13:34:40,1
269,PEON-60673,Create Cheque book,Create Cheque book,1,1,1,"","0",67,394,56,2020-09-01,1,,2020-09-01 13:34:40,1
270,PEON-68269,Read Cheque book,Read Cheque book,1,2,1,"","0",67,395,56,2020-09-01,1,,2020-09-01 13:34:40,1
271,PEON-2867,Update Cheque book,Update Cheque book,1,3,1,"","0",67,396,56,2020-09-01,1,,2020-09-01 13:34:40,1
272,PEON-12413,Delete Cheque book,Delete Cheque book,1,4,1,"",1,67,397,56,2020-09-01,1,,2020-09-01 13:34:40,1
273,PEON-8621,Create Opening allocation balance,Create Opening allocation balance,1,1,1,"","0",68,398,56,2020-09-01,1,,2020-09-01 13:34:41,1
274,PEON-23839,Read Opening allocation balance,Read Opening allocation balance,1,2,1,"","0",68,399,56,2020-09-01,1,,2020-09-01 13:34:41,1
275,PEON-53244,Update Opening allocation balance,Update Opening allocation balance,1,3,1,"","0",68,400,56,2020-09-01,1,,2020-09-01 13:34:41,1
276,PEON-78653,Delete Opening allocation balance,Delete Opening allocation balance,1,4,1,"",1,68,401,56,2020-09-01,1,,2020-09-01 13:34:41,1
277,PEON-68586,Create Opening cash balance,Create Opening cash balance,1,1,1,"","0",69,402,56,2020-09-01,1,,2020-09-01 13:34:41,1
278,PEON-73487,Read Opening cash balance,Read Opening cash balance,1,2,1,"","0",69,403,56,2020-09-01,1,,2020-09-01 13:34:41,1
279,PEON-34917,Update Opening cash balance,Update Opening cash balance,1,3,1,"","0",69,404,56,2020-09-01,1,,2020-09-01 13:34:41,1
280,PEON-1073,Delete Opening cash balance,Delete Opening cash balance,1,4,1,"",1,69,405,56,2020-09-01,1,,2020-09-01 13:34:41,1
281,PEON-79071,Create Opening deposit transit,Create Opening deposit transit,1,1,1,"","0",70,406,56,2020-09-01,1,,2020-09-01 13:34:41,1
282,PEON-32524,Read Opening deposit transit,Read Opening deposit transit,1,2,1,"","0",70,407,56,2020-09-01,1,,2020-09-01 13:34:41,1
283,PEON-34503,Update Opening deposit transit,Update Opening deposit transit,1,3,1,"","0",70,408,56,2020-09-01,1,,2020-09-01 13:34:41,1
284,PEON-59648,Delete Opening deposit transit,Delete Opening deposit transit,1,4,1,"",1,70,409,56,2020-09-01,1,,2020-09-01 13:34:41,1
285,PEON-40200,Create Opening fund balance,Create Opening fund balance,1,1,1,"","0",71,410,56,2020-09-01,1,,2020-09-01 13:34:41,1
286,PEON-20214,Read Opening fund balance,Read Opening fund balance,1,2,1,"","0",71,411,56,2020-09-01,1,,2020-09-01 13:34:41,1
287,PEON-19884,Update Opening fund balance,Update Opening fund balance,1,3,1,"","0",71,412,56,2020-09-01,1,,2020-09-01 13:34:41,1
288,PEON-36169,Delete Opening fund balance,Delete Opening fund balance,1,4,1,"",1,71,413,56,2020-09-01,1,,2020-09-01 13:34:41,1
289,PEON-50896,Create Opening outstanding cheque,Create Opening outstanding cheque,1,1,1,"","0",72,414,56,2020-09-01,1,,2020-09-01 13:34:41,1
290,PEON-85078,Read Opening outstanding cheque,Read Opening outstanding cheque,1,2,1,"","0",72,415,56,2020-09-01,1,,2020-09-01 13:34:41,1
291,PEON-69537,Update Opening outstanding cheque,Update Opening outstanding cheque,1,3,1,"","0",72,416,56,2020-09-01,1,,2020-09-01 13:34:41,1
292,PEON-28175,Delete Opening outstanding cheque,Delete Opening outstanding cheque,1,4,1,"",1,72,417,56,2020-09-01,1,,2020-09-01 13:34:41,1
317,PEON-33645,Create Budget tag,Create Budget tag,1,1,1,"",1,79,470,56,2020-11-03,1,,2020-11-03 08:32:26,1
318,PEON-14803,Read Budget tag,Read Budget tag,1,2,1,"",1,79,471,56,2020-11-03,1,,2020-11-03 08:32:26,1
319,PEON-15429,Update Budget tag,Update Budget tag,1,3,1,"",1,79,472,56,2020-11-03,1,,2020-11-03 08:32:26,1
320,PEON-2492,Delete Budget tag,Delete Budget tag,1,4,1,"",1,79,473,56,2020-11-03,1,,2020-11-03 08:32:26,1
337,PEON-80603,Create Permission template,Create Permission template,1,1,1,"","0",90,652,"0",2020-12-09,1,,2020-12-09 10:13:57,1
338,PEON-47766,Read Permission template,Read Permission template,1,2,1,"","0",90,653,"0",2020-12-09,1,,2020-12-09 10:13:57,1
339,PEON-39198,Update Permission template,Update Permission template,1,3,1,"","0",90,654,"0",2020-12-09,1,,2020-12-09 10:13:57,1
340,PEON-57061,Delete Permission template,Delete Permission template,1,4,1,"",1,90,655,"0",2020-12-09,1,,2020-12-09 10:13:57,1
349,PEON-53923,Create Role group,Create Role group,1,1,1,"","0",93,664,"0",2020-12-09,1,,2020-12-09 10:13:57,1
350,PEON-22049,Read Role group,Read Role group,1,2,1,"","0",93,665,"0",2020-12-09,1,,2020-12-09 10:13:57,1
351,PEON-71544,Update Role group,Update Role group,1,3,1,"","0",93,666,"0",2020-12-09,1,,2020-12-09 10:13:57,1
352,PEON-82537,Delete Role group,Delete Role group,1,4,1,"",1,93,667,"0",2020-12-09,1,,2020-12-09 10:13:57,1
353,PEON-2734,Create Role group association,Create Role group association,1,1,1,"","0",94,668,"0",2020-12-09,1,,2020-12-09 10:13:57,1
354,PEON-22383,Read Role group association,Read Role group association,1,2,1,"","0",94,669,"0",2020-12-09,1,,2020-12-09 10:13:57,1
355,PEON-2568,Update Role group association,Update Role group association,1,3,1,"","0",94,670,"0",2020-12-09,1,,2020-12-09 10:13:57,1
356,PEON-13249,Delete Role group association,Delete Role group association,1,4,1,"",1,94,671,"0",2020-12-09,1,,2020-12-09 10:13:57,1
357,PEON-42948,Create Status,Create Status,1,1,1,"",1,95,672,"0",2020-12-09,1,,2020-12-09 10:13:57,1
358,PEON-76288,Read Status,Read Status,1,2,1,"","0",95,673,"0",2020-12-09,1,,2020-12-09 10:13:57,1
359,PEON-82525,Update Status,Update Status,1,3,1,"",1,95,674,"0",2020-12-09,1,,2020-12-09 10:13:57,1
360,PEON-70200,Delete Status,Delete Status,1,4,1,"",1,95,675,"0",2020-12-09,1,,2020-12-09 10:13:57,1
361,PEON-77695,Create Status role,Create Status role,1,1,1,"","0",96,676,"0",2020-12-09,1,,2020-12-09 10:13:58,1
362,PEON-35809,Read Status role,Read Status role,1,2,1,"","0",96,677,"0",2020-12-09,1,,2020-12-09 10:13:58,1
363,PEON-57287,Update Status role,Update Status role,1,3,1,"","0",96,678,"0",2020-12-09,1,,2020-12-09 10:13:58,1
364,PEON-76236,Delete Status role,Delete Status role,1,4,1,"",1,96,679,"0",2020-12-09,1,,2020-12-09 10:13:58,1
373,PEON-1306,Create Office group,Create Office group,1,1,1,"",1,99,991,"0",2020-12-21,1,,2020-12-21 06:33:15,1
374,PEON-58251,Read Office group,Read Office group,1,2,1,"",1,99,992,"0",2020-12-21,1,,2020-12-21 06:33:15,1
375,PEON-60167,Update Office group,Update Office group,1,3,1,"",1,99,993,"0",2020-12-21,1,,2020-12-21 06:33:15,1
376,PEON-68663,Delete Office group,Delete Office group,1,4,1,"",1,99,994,"0",2020-12-21,1,,2020-12-21 06:33:15,1
377,PEON-39795,Create Office group association,Create Office group association,1,1,1,"",1,100,995,"0",2020-12-21,1,,2020-12-21 06:33:15,1
378,PEON-50834,Read Office group association,Read Office group association,1,2,1,"",1,100,996,"0",2020-12-21,1,,2020-12-21 06:33:15,1
379,PEON-35346,Update Office group association,Update Office group association,1,3,1,"",1,100,997,"0",2020-12-21,1,,2020-12-21 06:33:15,1
380,PEON-20032,Delete Office group association,Delete Office group association,1,4,1,"",1,100,998,"0",2020-12-21,1,,2020-12-21 06:33:15,1
381,PEON-67222,Create Cheque injection,Create Cheque injection,1,1,1,"","0",101,7798,"0",2021-01-14,1,,2021-01-14 04:57:29,1
382,PEON-63296,Read Cheque injection,Read Cheque injection,1,2,1,"","0",101,7799,"0",2021-01-14,1,,2021-01-14 04:57:29,1
383,PEON-83974,Update Cheque injection,Update Cheque injection,1,3,1,"","0",101,7800,"0",2021-01-14,1,,2021-01-14 04:57:29,1
384,PEON-24747,Delete Cheque injection,Delete Cheque injection,1,4,1,"",1,101,7801,"0",2021-01-14,1,,2021-01-14 04:57:29,1
385,PEON-35904,Create Expense account office association,Create Expense account office association,1,1,1,"",1,102,8488,"0",2021-01-25,37,,2021-01-25 07:13:14,37
386,PEON-85935,Read Expense account office association,Read Expense account office association,1,2,1,"",1,102,8489,"0",2021-01-25,37,,2021-01-25 07:13:14,37
387,PEON-44581,Update Expense account office association,Update Expense account office association,1,3,1,"",1,102,8490,"0",2021-01-25,37,,2021-01-25 07:13:14,37
388,PEON-75749,Delete Expense account office association,Delete Expense account office association,1,4,1,"",1,102,8491,"0",2021-01-25,37,,2021-01-25 07:13:14,37
397,PEON-13340,Create Budget limit,Create Budget limit,1,1,1,"","0",105,17900,"0",2021-02-08,1,,2021-02-08 14:27:05,1
398,PEON-7576,Read Budget limit,Read Budget limit,1,2,1,"","0",105,17901,"0",2021-02-08,1,,2021-02-08 14:27:05,1
399,PEON-23073,Update Budget limit,Update Budget limit,1,3,1,"","0",105,17902,"0",2021-02-08,1,,2021-02-08 14:27:05,1
400,PEON-17558,Delete Budget limit,Delete Budget limit,1,4,1,"",1,105,17903,"0",2021-02-08,1,,2021-02-08 14:27:05,1
401,PEON-1234,Create Voucher signatory,Create Voucher signatory,1,1,1,"",1,106,17904,"0",2021-02-08,1,,2021-02-08 14:27:06,1
402,PEON-62889,Read Voucher signatory,Read Voucher signatory,1,2,1,"",1,106,17905,"0",2021-02-08,1,,2021-02-08 14:27:06,1
403,PEON-70021,Update Voucher signatory,Update Voucher signatory,1,3,1,"",1,106,17906,"0",2021-02-08,1,,2021-02-08 14:27:06,1
404,PEON-29318,Delete Voucher signatory,Delete Voucher signatory,1,4,1,"",1,106,17907,"0",2021-02-08,1,,2021-02-08 14:27:06,1
413,PEON-9791,Create Cheque book reset,Create Cheque book reset,1,1,1,"","0",277797,113177,939,2021-09-09,159,,2021-09-09 19:36:54,159
414,PEON-74983,Read Cheque book reset,Read Cheque book reset,1,2,1,"","0",277797,113178,939,2021-09-09,159,,2021-09-09 19:36:54,159
415,PEON-48979,Update Cheque book reset,Update Cheque book reset,1,3,1,"","0",277797,113179,939,2021-09-09,159,,2021-09-09 19:36:54,159
416,PEON-16445,Delete Cheque book reset,Delete Cheque book reset,1,4,1,"",1,277797,113180,939,2021-09-09,159,,2021-09-09 19:36:54,159
417,PEON-74642,Create Role user,Create Role user,1,1,1,"",1,277798,113185,939,2021-09-09,113,,2021-09-09 19:36:56,113
418,PEON-77163,Read Role user,Read Role user,1,2,1,"",1,277798,113186,939,2021-09-09,113,,2021-09-09 19:36:56,113
419,PEON-27048,Update Role user,Update Role user,1,3,1,"",1,277798,113187,939,2021-09-09,113,,2021-09-09 19:36:56,113
420,PEON-16659,Delete Role user,Delete Role user,1,4,1,"",1,277798,113188,939,2021-09-09,113,,2021-09-09 19:36:56,113
421,PEON-86571,Create Financial report,Create Financial report,1,1,1,"","0",277799,165325,939,2021-09-14,113,,2021-09-14 11:34:42,113
422,PEON-19968,Read Financial report,Read Financial report,1,2,1,"","0",277799,165326,939,2021-09-14,113,,2021-09-14 11:34:42,113
423,PEON-87116,Update Financial report,Update Financial report,1,3,1,"","0",277799,165327,939,2021-09-14,113,,2021-09-14 11:34:42,113
424,PEON-29765,Delete Financial report,Delete Financial report,1,4,1,"",1,277799,165328,939,2021-09-14,113,,2021-09-14 11:34:42,113
533,PEON-28098,Create Context center,Create Context center,1,1,1,"",1,277827,197533,939,2021-10-04,33,,2021-10-04 10:35:25,33
534,PEON-77096,Read Context center,Read Context center,1,2,1,"",1,277827,197534,939,2021-10-04,33,,2021-10-04 10:35:25,33
535,PEON-87345,Update Context center,Update Context center,1,3,1,"","0",277827,197535,939,2021-10-04,33,,2021-10-04 10:35:25,33
536,PEON-54084,Delete Context center,Delete Context center,1,4,1,"",1,277827,197536,939,2021-10-04,33,,2021-10-04 10:35:25,33
537,PEON-2889,Create Context center user,Create Context center user,1,1,1,"",1,277828,197537,939,2021-10-04,33,,2021-10-04 10:35:25,33
538,PEON-17030,Read Context center user,Read Context center user,1,2,1,"",1,277828,197538,939,2021-10-04,33,,2021-10-04 10:35:25,33
539,PEON-37265,Update Context center user,Update Context center user,1,3,1,"","0",277828,197539,939,2021-10-04,33,,2021-10-04 10:35:25,33
540,PEON-19156,Delete Context center user,Delete Context center user,1,4,1,"",1,277828,197540,939,2021-10-04,33,,2021-10-04 10:35:25,33
541,PEON-65894,Create Context cluster,Create Context cluster,1,1,1,"",1,277829,197541,939,2021-10-04,33,,2021-10-04 10:35:25,33
542,PEON-58015,Read Context cluster,Read Context cluster,1,2,1,"",1,277829,197542,939,2021-10-04,33,,2021-10-04 10:35:25,33
543,PEON-17565,Update Context cluster,Update Context cluster,1,3,1,"","0",277829,197543,939,2021-10-04,33,,2021-10-04 10:35:25,33
544,PEON-2579,Delete Context cluster,Delete Context cluster,1,4,1,"",1,277829,197544,939,2021-10-04,33,,2021-10-04 10:35:25,33
545,PEON-54783,Create Context cluster user,Create Context cluster user,1,1,1,"",1,277830,197545,939,2021-10-04,33,,2021-10-04 10:35:26,33
546,PEON-75318,Read Context cluster user,Read Context cluster user,1,2,1,"",1,277830,197546,939,2021-10-04,33,,2021-10-04 10:35:26,33
547,PEON-28924,Update Context cluster user,Update Context cluster user,1,3,1,"","0",277830,197547,939,2021-10-04,33,,2021-10-04 10:35:26,33
548,PEON-5502,Delete Context cluster user,Delete Context cluster user,1,4,1,"",1,277830,197548,939,2021-10-04,33,,2021-10-04 10:35:26,33
549,PEON-11828,Create Context cohort,Create Context cohort,1,1,1,"",1,277831,197549,939,2021-10-04,189,,2021-10-04 10:35:26,189
550,PEON-61394,Read Context cohort,Read Context cohort,1,2,1,"",1,277831,197550,939,2021-10-04,189,,2021-10-04 10:35:26,189
551,PEON-79601,Update Context cohort,Update Context cohort,1,3,1,"","0",277831,197551,939,2021-10-04,189,,2021-10-04 10:35:26,189
552,PEON-26363,Create Context cohort user,Create Context cohort user,1,1,1,"",1,277832,197552,939,2021-10-04,33,,2021-10-04 10:35:26,33
553,PEON-58769,Delete Context cohort,Delete Context cohort,1,4,1,"",1,277831,197553,939,2021-10-04,189,,2021-10-04 10:35:26,189
554,PEON-56066,Read Context cohort user,Read Context cohort user,1,2,1,"",1,277832,197554,939,2021-10-04,33,,2021-10-04 10:35:26,33
555,PEON-61107,Update Context cohort user,Update Context cohort user,1,3,1,"","0",277832,197555,939,2021-10-04,33,,2021-10-04 10:35:26,33
556,PEON-30289,Delete Context cohort user,Delete Context cohort user,1,4,1,"",1,277832,197556,939,2021-10-04,33,,2021-10-04 10:35:26,33
605,PEON-7019,Create Permission,Create Permission,1,1,1,"",1,277845,197606,939,2021-10-04,33,,2021-10-04 10:35:29,33
606,PEON-73803,Read Permission,Read Permission,1,2,1,"",1,277845,197607,939,2021-10-04,33,,2021-10-04 10:35:29,33
607,PEON-88114,Update Permission,Update Permission,1,3,1,"",1,277845,197608,939,2021-10-04,33,,2021-10-04 10:35:29,33
608,PEON-46652,Delete Permission,Delete Permission,1,4,1,"",1,277845,197609,939,2021-10-04,33,,2021-10-04 10:35:29,33
629,PEON-82844,Create Role permission,Create Role permission,1,1,1,"",1,277851,197630,939,2021-10-04,33,,2021-10-04 10:35:30,33
630,PEON-13196,Read Role permission,Read Role permission,1,2,1,"",1,277851,197631,939,2021-10-04,33,,2021-10-04 10:35:30,33
631,PEON-16289,Update Role permission,Update Role permission,1,3,1,"",1,277851,197632,939,2021-10-04,33,,2021-10-04 10:35:30,33
632,PEON-38423,Delete Role permission,Delete Role permission,1,4,1,"",1,277851,197633,939,2021-10-04,33,,2021-10-04 10:35:30,33
657,PEON-56856,Create Beneficiary,Create Beneficiary,1,1,1,"",1,277858,3815017,939,2022-06-19,1311,,2022-06-19 15:45:23,1311
658,PEON-74505,Read Beneficiary,Read Beneficiary,1,2,1,"",1,277858,3815018,939,2022-06-19,1311,,2022-06-19 15:45:23,1311
659,PEON-62663,Update Beneficiary,Update Beneficiary,1,3,1,"",1,277858,3815019,939,2022-06-19,1311,,2022-06-19 15:45:23,1311
660,PEON-89505,Delete Beneficiary,Delete Beneficiary,1,4,1,"",1,277858,3815020,939,2022-06-19,1311,,2022-06-19 15:45:23,1311
661,PEON-24274,Create Health facility,Create Health facility,1,1,1,"",1,277859,3815021,939,2022-06-19,1311,,2022-06-19 15:45:23,1311
662,PEON-89346,Read Health facility,Read Health facility,1,2,1,"",1,277859,3815022,939,2022-06-19,1311,,2022-06-19 15:45:23,1311
663,PEON-2217,Update Health facility,Update Health facility,1,3,1,"",1,277859,3815023,939,2022-06-19,1311,,2022-06-19 15:45:23,1311
664,PEON-19298,Delete Health facility,Delete Health facility,1,4,1,"",1,277859,3815024,939,2022-06-19,1311,,2022-06-19 15:45:23,1311
665,PEON-48778,Create Medical claim,Create Medical claim,1,1,1,"",1,277860,3815025,939,2022-06-19,1311,,2022-06-19 15:45:23,1311
666,PEON-62293,Read Medical claim,Read Medical claim,1,2,1,"",1,277860,3815026,939,2022-06-19,1311,,2022-06-19 15:45:23,1311
667,PEON-45157,Update Medical claim,Update Medical claim,1,3,1,"",1,277860,3815027,939,2022-06-19,1311,,2022-06-19 15:45:23,1311
668,PEON-83785,Delete Medical claim,Delete Medical claim,1,4,1,"",1,277860,3815028,939,2022-06-19,1311,,2022-06-19 15:45:23,1311
673,PEON-66533,Create Medical claim setting,Create Medical claim setting,1,1,1,"",1,277862,3815033,939,2022-06-19,1311,,2022-06-19 15:45:24,1311
674,PEON-23887,Read Medical claim setting,Read Medical claim setting,1,2,1,"",1,277862,3815034,939,2022-06-19,1311,,2022-06-19 15:45:24,1311
675,PEON-14833,Update Medical claim setting,Update Medical claim setting,1,3,1,"",1,277862,3815035,939,2022-06-19,1311,,2022-06-19 15:45:24,1311
676,PEON-84776,Delete Medical claim setting,Delete Medical claim setting,1,4,1,"",1,277862,3815036,939,2022-06-19,1311,,2022-06-19 15:45:24,1311
681,PEON-52722,Create Funds transfer,Create Funds transfer,1,1,1,"","0",277864,4118713,930,2022-07-04,1,,2022-07-04 21:20:06,1
682,PEON-51123,Read Funds transfer,Read Funds transfer,1,2,1,"","0",277864,4118714,930,2022-07-04,1,,2022-07-04 21:20:06,1
683,PEON-72999,Update Funds transfer,Update Funds transfer,1,3,1,"","0",277864,4118715,930,2022-07-04,1,,2022-07-04 21:20:06,1
684,PEON-38588,Delete Funds transfer,Delete Funds transfer,1,4,1,"",1,277864,4118716,930,2022-07-04,1,,2022-07-04 21:20:06,1
913,PEON-37150,Create Account system,Create Account system,1,1,1,"",1,277922,16552165,943,2023-06-02,663,,2023-06-02 12:51:17,
914,PEON-17369,Read Account system,Read Account system,1,2,1,"",1,277922,16552166,943,2023-06-02,663,,2023-06-02 12:51:17,
915,PEON-73432,Update Account system,Update Account system,1,3,1,"",1,277922,16552167,943,2023-06-02,663,,2023-06-02 12:51:17,
916,PEON-69925,Delete Account system,Delete Account system,1,4,1,"",1,277922,16552168,943,2023-06-02,663,,2023-06-02 12:51:17,
917,PEON-81139,Create Context definition,Create Context definition,1,1,1,"",1,277923,16552169,943,2023-06-02,2314,,2023-06-02 12:51:18,
918,PEON-47371,Read Context definition,Read Context definition,1,2,1,"",1,277923,16552170,943,2023-06-02,2314,,2023-06-02 12:51:18,
919,PEON-53373,Update Context definition,Update Context definition,1,3,1,"",1,277923,16552171,943,2023-06-02,2314,,2023-06-02 12:51:18,
920,PEON-89890,Delete Context definition,Delete Context definition,1,4,1,"",1,277923,16552172,943,2023-06-02,2314,,2023-06-02 12:51:19,
921,PEON-21501,Create Context global,Create Context global,1,1,1,"",1,277924,16552173,943,2023-06-02,2314,,2023-06-02 12:51:19,
922,PEON-5071,Read Context global,Read Context global,1,2,1,"",1,277924,16552174,943,2023-06-02,2314,,2023-06-02 12:51:19,
923,PEON-53342,Update Context global,Update Context global,1,3,1,"",1,277924,16552175,943,2023-06-02,2314,,2023-06-02 12:51:19,
924,PEON-60083,Delete Context global,Delete Context global,1,4,1,"",1,277924,16552176,943,2023-06-02,2314,,2023-06-02 12:51:19,
925,PEON-11122,Create Context global user,Create Context global user,1,1,1,"",1,277925,16552177,936,2023-06-02,3715,,2023-06-02 12:51:20,
926,PEON-17605,Read Context global user,Read Context global user,1,2,1,"",1,277925,16552178,936,2023-06-02,3715,,2023-06-02 12:51:20,
927,PEON-68439,Update Context global user,Update Context global user,1,3,1,"",1,277925,16552179,936,2023-06-02,3715,,2023-06-02 12:51:20,
928,PEON-36290,Delete Context global user,Delete Context global user,1,4,1,"",1,277925,16552180,936,2023-06-02,3715,,2023-06-02 12:51:20,
929,PEON-78426,Create Country currency,Create Country currency,1,1,1,"",1,277926,16552181,943,2023-06-02,2658,,2023-06-02 12:51:20,
930,PEON-1038,Read Country currency,Read Country currency,1,2,1,"",1,277926,16552182,943,2023-06-02,2658,,2023-06-02 12:51:20,
931,PEON-40346,Update Country currency,Update Country currency,1,3,1,"",1,277926,16552183,943,2023-06-02,2658,,2023-06-02 12:51:20,
932,PEON-55951,Delete Country currency,Delete Country currency,1,4,1,"",1,277926,16552185,943,2023-06-02,2658,,2023-06-02 12:51:20,
933,PEON-86446,Create Currency conversion,Create Currency conversion,1,1,1,"",1,277927,16552186,943,2023-06-02,2658,,2023-06-02 12:51:20,
934,PEON-35340,Read Currency conversion,Read Currency conversion,1,2,1,"",1,277927,16552187,943,2023-06-02,2658,,2023-06-02 12:51:20,
935,PEON-53940,Update Currency conversion,Update Currency conversion,1,3,1,"",1,277927,16552188,943,2023-06-02,2658,,2023-06-02 12:51:20,
936,PEON-46721,Delete Currency conversion,Delete Currency conversion,1,4,1,"",1,277927,16552189,943,2023-06-02,2658,,2023-06-02 12:51:20,
937,PEON-4977,Create Department,Create Department,1,1,1,"",1,277928,16552191,943,2023-06-02,2658,,2023-06-02 12:51:20,
938,PEON-54497,Read Department,Read Department,1,2,1,"",1,277928,16552192,943,2023-06-02,2658,,2023-06-02 12:51:20,
939,PEON-8685,Update Department,Update Department,1,3,1,"",1,277928,16552193,943,2023-06-02,2658,,2023-06-02 12:51:20,
940,PEON-23931,Delete Department,Delete Department,1,4,1,"",1,277928,16552194,943,2023-06-02,2658,,2023-06-02 12:51:20,
941,PEON-74013,Create Designation,Create Designation,1,1,1,"",1,277929,16552196,943,2023-06-02,2658,,2023-06-02 12:51:21,
942,PEON-88721,Read Designation,Read Designation,1,2,1,"",1,277929,16552197,943,2023-06-02,2658,,2023-06-02 12:51:21,
943,PEON-69976,Update Designation,Update Designation,1,3,1,"",1,277929,16552198,943,2023-06-02,2658,,2023-06-02 12:51:21,
944,PEON-25039,Delete Designation,Delete Designation,1,4,1,"",1,277929,16552199,943,2023-06-02,2658,,2023-06-02 12:51:21,
945,PEON-21413,Create Language,Create Language,1,1,1,"",1,277930,16552202,936,2023-06-02,4146,,2023-06-02 12:51:23,
946,PEON-46149,Read Language,Read Language,1,2,1,"",1,277930,16552203,936,2023-06-02,4146,,2023-06-02 12:51:23,
947,PEON-33255,Update Language,Update Language,1,3,1,"",1,277930,16552204,936,2023-06-02,4146,,2023-06-02 12:51:23,
948,PEON-19374,Delete Language,Delete Language,1,4,1,"",1,277930,16552205,936,2023-06-02,4146,,2023-06-02 12:51:23,
949,PEON-27898,Create Page view,Create Page view,1,1,1,"",1,277931,16552206,939,2023-06-02,1093,,2023-06-02 12:51:25,
950,PEON-47981,Read Page view,Read Page view,1,2,1,"",1,277931,16552207,939,2023-06-02,1093,,2023-06-02 12:51:25,
951,PEON-54874,Update Page view,Update Page view,1,3,1,"",1,277931,16552208,939,2023-06-02,1093,,2023-06-02 12:51:26,
952,PEON-80286,Delete Page view,Delete Page view,1,4,1,"",1,277931,16552209,939,2023-06-02,1093,,2023-06-02 12:51:26,
953,PEON-46686,Create Request conversion,Create Request conversion,1,1,1,"",1,277932,16552210,936,2023-06-02,82,,2023-06-02 12:51:26,
954,PEON-27139,Read Request conversion,Read Request conversion,1,2,1,"",1,277932,16552211,936,2023-06-02,82,,2023-06-02 12:51:26,
955,PEON-36958,Update Request conversion,Update Request conversion,1,3,1,"",1,277932,16552212,936,2023-06-02,82,,2023-06-02 12:51:26,
956,PEON-62982,Delete Request conversion,Delete Request conversion,1,4,1,"",1,277932,16552213,936,2023-06-02,82,,2023-06-02 12:51:26,
957,PEON-67202,Create Request type,Create Request type,1,1,1,"",1,277933,16552214,936,2023-06-02,82,,2023-06-02 12:51:26,
958,PEON-60205,Read Request type,Read Request type,1,2,1,"",1,277933,16552215,936,2023-06-02,82,,2023-06-02 12:51:26,
959,PEON-84344,Update Request type,Update Request type,1,3,1,"",1,277933,16552216,936,2023-06-02,82,,2023-06-02 12:51:26,
960,PEON-15703,Delete Request type,Delete Request type,1,4,1,"",1,277933,16552217,936,2023-06-02,82,,2023-06-02 12:51:26,
961,PEON-37440,Create Voucher type account,Create Voucher type account,1,1,1,"",1,277934,16552222,943,2023-06-02,1971,,2023-06-02 12:51:31,
962,PEON-43999,Read Voucher type account,Read Voucher type account,1,2,1,"",1,277934,16552223,943,2023-06-02,1971,,2023-06-02 12:51:31,
963,PEON-81666,Update Voucher type account,Update Voucher type account,1,3,1,"",1,277934,16552224,943,2023-06-02,1971,,2023-06-02 12:51:31,
964,PEON-36872,Delete Voucher type account,Delete Voucher type account,1,4,1,"",1,277934,16552225,943,2023-06-02,1971,,2023-06-02 12:51:31,
965,PEON-45771,Create Voucher type effect,Create Voucher type effect,1,1,1,"",1,277935,16552226,943,2023-06-02,1971,,2023-06-02 12:51:31,
966,PEON-31288,Read Voucher type effect,Read Voucher type effect,1,2,1,"",1,277935,16552227,943,2023-06-02,1971,,2023-06-02 12:51:31,
967,PEON-26641,Update Voucher type effect,Update Voucher type effect,1,3,1,"",1,277935,16552228,943,2023-06-02,1971,,2023-06-02 12:51:31,
968,PEON-48250,Delete Voucher type effect,Delete Voucher type effect,1,4,1,"",1,277935,16552229,943,2023-06-02,1971,,2023-06-02 12:51:31,
969,PEON-60556,Create Project allocation detail,Create Project allocation detail,1,1,1,"",1,277936,16552230,2476,2023-06-02,1824,,2023-06-02 12:51:32,
970,PEON-4795,Read Project allocation detail,Read Project allocation detail,1,2,1,"",1,277936,16552231,2476,2023-06-02,1824,,2023-06-02 12:51:32,
971,PEON-11944,Update Project allocation detail,Update Project allocation detail,1,3,1,"",1,277936,16552232,2476,2023-06-02,1824,,2023-06-02 12:51:32,
972,PEON-70985,Delete Project allocation detail,Delete Project allocation detail,1,4,1,"",1,277936,16552233,2476,2023-06-02,1824,,2023-06-02 12:51:32,
973,PEON-83363,Create Attachment,Create Attachment,1,1,1,"",1,277937,16552234,943,2023-06-02,1897,,2023-06-02 12:51:33,
974,PEON-3622,Read Attachment,Read Attachment,1,2,1,"",1,277937,16552235,943,2023-06-02,1897,,2023-06-02 12:51:33,
975,PEON-60485,Update Attachment,Update Attachment,1,3,1,"",1,277937,16552236,943,2023-06-02,1897,,2023-06-02 12:51:33,
976,PEON-25423,Delete Attachment,Delete Attachment,1,4,1,"",1,277937,16552237,943,2023-06-02,1897,,2023-06-02 12:51:33,
978,PEON-77016,Create Budget review count,Create Budget review count,1,1,1,"",1,277938,16552240,939,2023-06-02,154,,2023-06-02 12:51:34,
979,PEON-89961,Read Budget review count,Read Budget review count,1,2,1,"",1,277938,16552241,939,2023-06-02,154,,2023-06-02 12:51:34,
981,PEON-1638,Update Budget review count,Update Budget review count,1,3,1,"",1,277938,16552243,939,2023-06-02,154,,2023-06-02 12:51:34,
983,PEON-5233,Delete Budget review count,Delete Budget review count,1,4,1,"",1,277938,16552245,939,2023-06-02,154,,2023-06-02 12:51:34,
985,PEON-59179,Create Cash recipient account,Create Cash recipient account,1,1,1,"",1,277940,16552247,939,2023-06-02,154,,2023-06-02 12:51:34,
986,PEON-40982,Read Cash recipient account,Read Cash recipient account,1,2,1,"",1,277940,16552248,939,2023-06-02,154,,2023-06-02 12:51:35,
987,PEON-39925,Update Cash recipient account,Update Cash recipient account,1,3,1,"",1,277940,16552249,939,2023-06-02,154,,2023-06-02 12:51:35,
988,PEON-5236,Delete Cash recipient account,Delete Cash recipient account,1,4,1,"",1,277940,16552250,939,2023-06-02,154,,2023-06-02 12:51:35,
989,PEON-60854,Create Project request type,Create Project request type,1,1,1,"",1,277941,16552251,936,2023-06-02,82,,2023-06-02 12:51:35,
990,PEON-55305,Read Project request type,Read Project request type,1,2,1,"",1,277941,16552252,936,2023-06-02,82,,2023-06-02 12:51:35,
991,PEON-75600,Update Project request type,Update Project request type,1,3,1,"",1,277941,16552253,936,2023-06-02,82,,2023-06-02 12:51:35,
992,PEON-27448,Delete Project request type,Delete Project request type,1,4,1,"",1,277941,16552254,936,2023-06-02,82,,2023-06-02 12:51:35,
993,PEON-79125,Create Request type department,Create Request type department,1,1,1,"",1,277942,16552259,936,2023-06-02,82,,2023-06-02 12:51:36,
994,PEON-12911,Read Request type department,Read Request type department,1,2,1,"",1,277942,16552260,936,2023-06-02,82,,2023-06-02 12:51:36,
995,PEON-9320,Update Request type department,Update Request type department,1,3,1,"",1,277942,16552261,936,2023-06-02,82,,2023-06-02 12:51:36,
996,PEON-41989,Delete Request type department,Delete Request type department,1,4,1,"",1,277942,16552262,936,2023-06-02,82,,2023-06-02 12:51:36,
997,PEON-69581,Create Budget projection,Create Budget projection,1,1,1,"",1,277943,16552272,936,2023-06-02,4146,,2023-06-02 12:51:40,
998,PEON-58676,Read Budget projection,Read Budget projection,1,2,1,"",1,277943,16552273,936,2023-06-02,4146,,2023-06-02 12:51:40,
999,PEON-51127,Update Budget projection,Update Budget projection,1,3,1,"",1,277943,16552274,936,2023-06-02,4146,,2023-06-02 12:51:40,
1000,PEON-39040,Delete Budget projection,Delete Budget projection,1,4,1,"",1,277943,16552275,936,2023-06-02,4146,,2023-06-02 12:51:40,
1001,PEON-5649,Create Budget projection income account,Create Budget projection income account,1,1,1,"",1,277944,16552276,936,2023-06-02,4146,,2023-06-02 12:51:40,
1002,PEON-15703,Read Budget projection income account,Read Budget projection income account,1,2,1,"",1,277944,16552277,936,2023-06-02,4146,,2023-06-02 12:51:40,
1003,PEON-24281,Update Budget projection income account,Update Budget projection income account,1,3,1,"",1,277944,16552278,936,2023-06-02,4146,,2023-06-02 12:51:40,
1004,PEON-29956,Delete Budget projection income account,Delete Budget projection income account,1,4,1,"",1,277944,16552279,936,2023-06-02,4146,,2023-06-02 12:51:40,
1005,PEON-33898,Create Account system setting,Create Account system setting,1,1,1,"",1,277945,16552280,936,2023-06-02,4346,,2023-06-02 12:51:43,
1006,PEON-47715,Read Account system setting,Read Account system setting,1,2,1,"",1,277945,16552281,936,2023-06-02,4346,,2023-06-02 12:51:43,
1007,PEON-10807,Update Account system setting,Update Account system setting,1,3,1,"",1,277945,16552282,936,2023-06-02,4346,,2023-06-02 12:51:43,
1008,PEON-70140,Delete Account system setting,Delete Account system setting,1,4,1,"",1,277945,16552283,936,2023-06-02,4346,,2023-06-02 12:51:43,
1009,PEON-57474,Create Attachment type,Create Attachment type,1,1,1,"",1,277946,16552284,2476,2023-06-02,1824,,2023-06-02 12:51:45,
1010,PEON-50741,Read Attachment type,Read Attachment type,1,2,1,"",1,277946,16552285,2476,2023-06-02,1824,,2023-06-02 12:51:45,
1011,PEON-31135,Update Attachment type,Update Attachment type,1,3,1,"",1,277946,16552286,2476,2023-06-02,1824,,2023-06-02 12:51:45,
1012,PEON-23446,Delete Attachment type,Delete Attachment type,1,4,1,"",1,277946,16552287,2476,2023-06-02,1824,,2023-06-02 12:51:45,
1013,PEON-45531,Create Variance comment,Create Variance comment,1,1,1,"",1,277947,16552288,936,2023-06-02,4346,,2023-06-02 12:51:45,
1016,PEON-27250,Read Variance comment,Read Variance comment,1,2,1,"",1,277947,16552291,936,2023-06-02,4346,,2023-06-02 12:51:45,
1018,PEON-47814,Update Variance comment,Update Variance comment,1,3,1,"",1,277947,16552293,936,2023-06-02,4346,,2023-06-02 12:51:45,
1019,PEON-83313,Delete Variance comment,Delete Variance comment,1,4,1,"",1,277947,16552294,936,2023-06-02,4346,,2023-06-02 12:51:45,
1021,PEON-1896,Create Currency conversion detail,Create Currency conversion detail,1,1,1,"",1,277949,16552296,936,2023-06-02,3582,,2023-06-02 12:51:49,
1022,PEON-7403,Read Currency conversion detail,Read Currency conversion detail,1,2,1,"",1,277949,16552297,936,2023-06-02,3582,,2023-06-02 12:51:49,
1023,PEON-46308,Update Currency conversion detail,Update Currency conversion detail,1,3,1,"",1,277949,16552298,936,2023-06-02,3582,,2023-06-02 12:51:49,
1024,PEON-66773,Create Department user,Create Department user,1,1,1,"",1,277950,16552299,936,2023-06-02,3582,,2023-06-02 12:51:49,
1025,PEON-58896,Read Department user,Read Department user,1,2,1,"",1,277950,16552300,936,2023-06-02,3582,,2023-06-02 12:51:49,
1026,PEON-35370,Delete Currency conversion detail,Delete Currency conversion detail,1,4,1,"",1,277949,16552301,936,2023-06-02,3582,,2023-06-02 12:51:49,
1027,PEON-47221,Update Department user,Update Department user,1,3,1,"",1,277950,16552302,936,2023-06-02,3582,,2023-06-02 12:51:49,
1028,PEON-66360,Delete Department user,Delete Department user,1,4,1,"",1,277950,16552303,936,2023-06-02,3582,,2023-06-02 12:51:49,
1029,PEON-51661,Create Message detail,Create Message detail,1,1,1,"",1,277951,16552304,943,2023-06-02,1669,,2023-06-02 12:51:49,
1030,PEON-87925,Read Message detail,Read Message detail,1,2,1,"",1,277951,16552305,943,2023-06-02,1669,,2023-06-02 12:51:49,
1031,PEON-8126,Update Message detail,Update Message detail,1,3,1,"",1,277951,16552306,943,2023-06-02,1669,,2023-06-02 12:51:49,
1032,PEON-35649,Delete Message detail,Delete Message detail,1,4,1,"",1,277951,16552307,943,2023-06-02,1669,,2023-06-02 12:51:49,
1033,PEON-12025,Create Page view condition,Create Page view condition,1,1,1,"",1,277952,16552308,939,2023-06-02,135,,2023-06-02 12:51:50,
1034,PEON-16526,Read Page view condition,Read Page view condition,1,2,1,"",1,277952,16552309,939,2023-06-02,135,,2023-06-02 12:51:50,
1035,PEON-61182,Update Page view condition,Update Page view condition,1,3,1,"",1,277952,16552310,939,2023-06-02,135,,2023-06-02 12:51:50,
1036,PEON-45809,Create Page view role,Create Page view role,1,1,1,"",1,277953,16552311,943,2023-06-02,1669,,2023-06-02 12:51:50,
1037,PEON-56665,Delete Page view condition,Delete Page view condition,1,4,1,"",1,277952,16552312,939,2023-06-02,135,,2023-06-02 12:51:50,
1038,PEON-47546,Read Page view role,Read Page view role,1,2,1,"",1,277953,16552313,943,2023-06-02,1669,,2023-06-02 12:51:50,
1039,PEON-8572,Update Page view role,Update Page view role,1,3,1,"",1,277953,16552314,943,2023-06-02,1669,,2023-06-02 12:51:50,
1040,PEON-24303,Delete Page view role,Delete Page view role,1,4,1,"",1,277953,16552315,943,2023-06-02,1669,,2023-06-02 12:51:50,
1041,PEON-79055,Create Workplan task,Create Workplan task,1,1,1,"",1,277954,16552318,939,2023-06-02,152,,2023-06-02 12:51:51,
1042,PEON-53575,Read Workplan task,Read Workplan task,1,2,1,"",1,277954,16552319,939,2023-06-02,152,,2023-06-02 12:51:51,
1043,PEON-2786,Update Workplan task,Update Workplan task,1,3,1,"",1,277954,16552320,939,2023-06-02,152,,2023-06-02 12:51:51,
1044,PEON-44117,Delete Workplan task,Delete Workplan task,1,4,1,"",1,277954,16552321,939,2023-06-02,152,,2023-06-02 12:51:51,
1045,PEON-10594,Create Approval,Create Approval,1,1,1,"",1,277955,16552322,939,2023-06-02,1008,,2023-06-02 12:51:51,
1046,PEON-28000,Read Approval,Read Approval,1,2,1,"",1,277955,16552323,939,2023-06-02,1008,,2023-06-02 12:51:51,
1047,PEON-9190,Update Approval,Update Approval,1,3,1,"",1,277955,16552324,939,2023-06-02,1008,,2023-06-02 12:51:51,
1048,PEON-29291,Delete Approval,Delete Approval,1,4,1,"",1,277955,16552325,939,2023-06-02,1008,,2023-06-02 12:51:51,
1049,PEON-6021,Create Approve item,Create Approve item,1,1,1,"",1,277956,16552326,936,2023-06-02,3891,,2023-06-02 12:51:51,
1050,PEON-76065,Read Approve item,Read Approve item,1,2,1,"",1,277956,16552327,936,2023-06-02,3891,,2023-06-02 12:51:51,
1051,PEON-57927,Update Approve item,Update Approve item,1,3,1,"",1,277956,16552328,936,2023-06-02,3891,,2023-06-02 12:51:51,
1052,PEON-29445,Delete Approve item,Delete Approve item,1,4,1,"",1,277956,16552329,936,2023-06-02,3891,,2023-06-02 12:51:52,
1053,PEON-50282,Create Context country,Create Context country,1,1,1,"",1,277957,16552337,943,2023-06-02,1745,,2023-06-02 12:51:59,
1054,PEON-66835,Read Context country,Read Context country,1,2,1,"",1,277957,16552338,943,2023-06-02,1745,,2023-06-02 12:51:59,
1055,PEON-53928,Update Context country,Update Context country,1,3,1,"",1,277957,16552339,943,2023-06-02,1745,,2023-06-02 12:51:59,
1056,PEON-89708,Delete Context country,Delete Context country,1,4,1,"",1,277957,16552340,943,2023-06-02,1745,,2023-06-02 12:51:59,
1057,PEON-66095,Create Context country user,Create Context country user,1,1,1,"",1,277958,16552341,943,2023-06-02,1745,,2023-06-02 12:52:00,
1058,PEON-8846,Read Context country user,Read Context country user,1,2,1,"",1,277958,16552342,943,2023-06-02,1745,,2023-06-02 12:52:00,
1059,PEON-45711,Update Context country user,Update Context country user,1,3,1,"",1,277958,16552343,943,2023-06-02,1745,,2023-06-02 12:52:00,
1060,PEON-67237,Delete Context country user,Delete Context country user,1,4,1,"",1,277958,16552344,943,2023-06-02,1745,,2023-06-02 12:52:00,
1061,PEON-71573,Create Context region,Create Context region,1,1,1,"",1,277959,16552345,943,2023-06-02,2362,,2023-06-02 12:52:00,
1062,PEON-20617,Read Context region,Read Context region,1,2,1,"",1,277959,16552346,943,2023-06-02,2362,,2023-06-02 12:52:00,
1063,PEON-60045,Update Context region,Update Context region,1,3,1,"",1,277959,16552347,943,2023-06-02,2362,,2023-06-02 12:52:00,
1064,PEON-19855,Delete Context region,Delete Context region,1,4,1,"",1,277959,16552348,943,2023-06-02,2362,,2023-06-02 12:52:00,
1065,PEON-62089,Create Context region user,Create Context region user,1,1,1,"",1,277960,16552349,943,2023-06-02,1745,,2023-06-02 12:52:00,
1066,PEON-75088,Create Contra account,Create Contra account,1,1,1,"",1,277961,16552350,943,2023-06-02,2362,,2023-06-02 12:52:00,
1067,PEON-46591,Read Contra account,Read Contra account,1,2,1,"",1,277961,16552352,943,2023-06-02,2362,,2023-06-02 12:52:00,
1068,PEON-19207,Read Context region user,Read Context region user,1,2,1,"",1,277960,16552351,943,2023-06-02,1745,,2023-06-02 12:52:00,
1069,PEON-52220,Update Contra account,Update Contra account,1,3,1,"",1,277961,16552353,943,2023-06-02,2362,,2023-06-02 12:52:00,
1070,PEON-30000,Delete Contra account,Delete Contra account,1,4,1,"",1,277961,16552355,943,2023-06-02,2362,,2023-06-02 12:52:01,
1071,PEON-50183,Update Context region user,Update Context region user,1,3,1,"",1,277960,16552354,943,2023-06-02,1745,,2023-06-02 12:52:01,
1072,PEON-86083,Delete Context region user,Delete Context region user,1,4,1,"",1,277960,16552356,943,2023-06-02,1745,,2023-06-02 12:52:01,
1073,PEON-65799,Create Dashboard,Create Dashboard,1,1,1,"",1,277962,16552358,936,2023-06-02,4206,,2023-06-02 12:52:01,
1074,PEON-41015,Read Dashboard,Read Dashboard,1,2,1,"",1,277962,16552359,936,2023-06-02,4206,,2023-06-02 12:52:01,
1075,PEON-73478,Update Dashboard,Update Dashboard,1,3,1,"",1,277962,16552360,936,2023-06-02,4206,,2023-06-02 12:52:01,
1076,PEON-7649,Delete Dashboard,Delete Dashboard,1,4,1,"",1,277962,16552361,936,2023-06-02,4206,,2023-06-02 12:52:02,
1077,PEON-42142,Create Funding status,Create Funding status,1,1,1,"",1,277963,16552362,943,2023-06-02,1745,,2023-06-02 12:52:02,
1078,PEON-81040,Read Funding status,Read Funding status,1,2,1,"",1,277963,16552363,943,2023-06-02,1745,,2023-06-02 12:52:02,
1079,PEON-89826,Update Funding status,Update Funding status,1,3,1,"",1,277963,16552364,943,2023-06-02,1745,,2023-06-02 12:52:03,
1080,PEON-30186,Delete Funding status,Delete Funding status,1,4,1,"",1,277963,16552365,943,2023-06-02,1745,,2023-06-02 12:52:03,
1081,PEON-51144,Create History,Create History,1,1,1,"",1,277964,16552366,936,2023-06-02,4206,,2023-06-02 12:52:03,
1082,PEON-4557,Read History,Read History,1,2,1,"",1,277964,16552367,936,2023-06-02,4206,,2023-06-02 12:52:03,
1083,PEON-69919,Update History,Update History,1,3,1,"",1,277964,16552368,936,2023-06-02,4206,,2023-06-02 12:52:03,
1084,PEON-63680,Delete History,Delete History,1,4,1,"",1,277964,16552369,936,2023-06-02,4206,,2023-06-02 12:52:03,
1085,PEON-15064,Create Language phrase,Create Language phrase,1,1,1,"",1,277965,16552370,943,2023-06-02,2080,,2023-06-02 12:52:03,
1087,PEON-52215,Read Language phrase,Read Language phrase,1,2,1,"",1,277965,16552372,943,2023-06-02,2080,,2023-06-02 12:52:03,
1088,PEON-77875,Update Language phrase,Update Language phrase,1,3,1,"",1,277965,16552374,943,2023-06-02,2080,,2023-06-02 12:52:03,
1090,PEON-83985,Delete Language phrase,Delete Language phrase,1,4,1,"",1,277965,16552375,943,2023-06-02,2080,,2023-06-02 12:52:03,
1093,PEON-76943,Create Menu user order,Create Menu user order,1,1,1,"",1,277967,16552378,936,2023-06-02,4206,,2023-06-02 12:52:03,
1094,PEON-46883,Read Menu user order,Read Menu user order,1,2,1,"",1,277967,16552379,936,2023-06-02,4206,,2023-06-02 12:52:03,
1095,PEON-78354,Create Message,Create Message,1,1,1,"",1,277968,16552380,939,2023-06-02,4185,,2023-06-02 12:52:03,
1096,PEON-73992,Update Menu user order,Update Menu user order,1,3,1,"",1,277967,16552381,936,2023-06-02,4206,,2023-06-02 12:52:03,
1097,PEON-41082,Read Message,Read Message,1,2,1,"",1,277968,16552382,939,2023-06-02,4185,,2023-06-02 12:52:03,
1098,PEON-86384,Update Message,Update Message,1,3,1,"",1,277968,16552383,939,2023-06-02,4185,,2023-06-02 12:52:03,
1099,PEON-14957,Delete Menu user order,Delete Menu user order,1,4,1,"",1,277967,16552384,936,2023-06-02,4206,,2023-06-02 12:52:03,
1100,PEON-73727,Delete Message,Delete Message,1,4,1,"",1,277968,16552385,939,2023-06-02,4185,,2023-06-02 12:52:03,
1101,PEON-19257,Create Month,Create Month,1,1,1,"",1,277969,16552386,939,2023-06-02,4185,,2023-06-02 12:52:03,
1102,PEON-23235,Read Month,Read Month,1,2,1,"",1,277969,16552387,939,2023-06-02,4185,,2023-06-02 12:52:03,
1103,PEON-45492,Update Month,Update Month,1,3,1,"",1,277969,16552388,939,2023-06-02,4185,,2023-06-02 12:52:04,
1104,PEON-26918,Delete Month,Delete Month,1,4,1,"",1,277969,16552389,939,2023-06-02,4185,,2023-06-02 12:52:04,
1105,PEON-52192,Create Permission label,Create Permission label,1,1,1,"",1,277970,16552392,939,2023-06-02,4185,,2023-06-02 12:52:05,
1106,PEON-27272,Read Permission label,Read Permission label,1,2,1,"",1,277970,16552393,939,2023-06-02,4185,,2023-06-02 12:52:06,
1107,PEON-40330,Update Permission label,Update Permission label,1,3,1,"",1,277970,16552394,939,2023-06-02,4185,,2023-06-02 12:52:06,
1108,PEON-37924,Delete Permission label,Delete Permission label,1,4,1,"",1,277970,16552395,939,2023-06-02,4185,,2023-06-02 12:52:06,
1109,PEON-88110,Create Project cost proportion,Create Project cost proportion,1,1,1,"",1,277971,16552396,939,2023-06-02,4185,,2023-06-02 12:52:07,
1110,PEON-23801,Read Project cost proportion,Read Project cost proportion,1,2,1,"",1,277971,16552397,939,2023-06-02,4185,,2023-06-02 12:52:07,
1111,PEON-79507,Update Project cost proportion,Update Project cost proportion,1,3,1,"",1,277971,16552398,939,2023-06-02,4185,,2023-06-02 12:52:07,
1112,PEON-35967,Delete Project cost proportion,Delete Project cost proportion,1,4,1,"",1,277971,16552399,939,2023-06-02,4185,,2023-06-02 12:52:07,
1113,PEON-82199,Create Reconciliation,Create Reconciliation,1,1,1,"",1,277972,16552400,939,2023-06-02,4185,,2023-06-02 12:52:07,
1114,PEON-66954,Read Reconciliation,Read Reconciliation,1,2,1,"",1,277972,16552401,939,2023-06-02,4185,,2023-06-02 12:52:07,
1115,PEON-77867,Update Reconciliation,Update Reconciliation,1,3,1,"",1,277972,16552402,939,2023-06-02,4185,,2023-06-02 12:52:07,
1116,PEON-86248,Delete Reconciliation,Delete Reconciliation,1,4,1,"",1,277972,16552403,939,2023-06-02,4185,,2023-06-02 12:52:07,
1117,PEON-66677,Create Request,Create Request,1,1,1,"",1,277973,16552404,939,2023-06-02,4185,,2023-06-02 12:52:08,
1118,PEON-44690,Read Request,Read Request,1,2,1,"",1,277973,16552405,939,2023-06-02,4185,,2023-06-02 12:52:08,
1119,PEON-72441,Update Request,Update Request,1,3,1,"",1,277973,16552406,939,2023-06-02,4185,,2023-06-02 12:52:08,
1120,PEON-89371,Delete Request,Delete Request,1,4,1,"",1,277973,16552407,939,2023-06-02,4185,,2023-06-02 12:52:08,
1121,PEON-53872,Create Request detail,Create Request detail,1,1,1,"",1,277974,16552408,939,2023-06-02,4185,,2023-06-02 12:52:09,
1122,PEON-83366,Read Request detail,Read Request detail,1,2,1,"",1,277974,16552409,939,2023-06-02,4185,,2023-06-02 12:52:09,
1123,PEON-55506,Update Request detail,Update Request detail,1,3,1,"",1,277974,16552411,939,2023-06-02,4185,,2023-06-02 12:52:09,
1124,PEON-56363,Delete Request detail,Delete Request detail,1,4,1,"",1,277974,16552413,939,2023-06-02,4185,,2023-06-02 12:52:09,
1125,PEON-3265,Create Setting,Create Setting,1,1,1,"",1,277975,16552417,939,2023-06-02,4185,,2023-06-02 12:52:09,
1126,PEON-20425,Read Setting,Read Setting,1,2,1,"",1,277975,16552418,939,2023-06-02,4185,,2023-06-02 12:52:09,
1127,PEON-2888,Update Setting,Update Setting,1,3,1,"",1,277975,16552419,939,2023-06-02,4185,,2023-06-02 12:52:09,
1128,PEON-61626,Delete Setting,Delete Setting,1,4,1,"",1,277975,16552420,939,2023-06-02,4185,,2023-06-02 12:52:10,
1129,PEON-74585,Create Variance note,Create Variance note,1,1,1,"",1,277976,16552421,943,2023-06-02,2361,,2023-06-02 12:52:10,
1131,PEON-40003,Read Variance note,Read Variance note,1,2,1,"",1,277976,16552423,943,2023-06-02,2361,,2023-06-02 12:52:10,
1132,PEON-8219,Create Voucher detail,Create Voucher detail,1,1,1,"",1,277978,16552424,936,2023-06-02,3714,,2023-06-02 12:52:10,
1134,PEON-58686,Update Variance note,Update Variance note,1,3,1,"",1,277976,16552426,943,2023-06-02,2361,,2023-06-02 12:52:10,
1135,PEON-55994,Read Voucher detail,Read Voucher detail,1,2,1,"",1,277978,16552427,936,2023-06-02,3714,,2023-06-02 12:52:10,
1137,PEON-17303,Delete Variance note,Delete Variance note,1,4,1,"",1,277976,16552429,943,2023-06-02,2361,,2023-06-02 12:52:10,
1139,PEON-16848,Update Voucher detail,Update Voucher detail,1,3,1,"",1,277978,16552430,936,2023-06-02,3714,,2023-06-02 12:52:10,
1140,PEON-40917,Delete Voucher detail,Delete Voucher detail,1,4,1,"",1,277978,16552432,936,2023-06-02,3714,,2023-06-02 12:52:10,
1141,PEON-57709,Create Workplan,Create Workplan,1,1,1,"",1,277979,16552433,939,2023-06-02,3608,,2023-06-02 12:52:11,
1142,PEON-83470,Read Workplan,Read Workplan,1,2,1,"",1,277979,16552434,939,2023-06-02,3608,,2023-06-02 12:52:11,
1143,PEON-46933,Update Workplan,Update Workplan,1,3,1,"",1,277979,16552435,939,2023-06-02,3608,,2023-06-02 12:52:11,
1144,PEON-53689,Delete Workplan,Delete Workplan,1,4,1,"",1,277979,16552436,939,2023-06-02,3608,,2023-06-02 12:52:11,
1145,PEON-71776,Create User switch,Create User switch,1,1,1,"","0",277980,16552437,936,2023-06-02,3891,,2023-06-02 12:52:11,
1146,PEON-20792,Read User switch,Read User switch,1,2,1,"",1,277980,16552438,936,2023-06-02,3891,,2023-06-02 12:52:11,
1147,PEON-78103,Update User switch,Update User switch,1,3,1,"","0",277980,16552439,936,2023-06-02,3891,,2023-06-02 12:52:11,
1148,PEON-22781,Delete User switch,Delete User switch,1,4,1,"","0",277980,16552440,936,2023-06-02,3891,,2023-06-02 12:52:11,
1149,PEON-63866,Create Approval exemption,Create Approval exemption,1,1,1,"",1,277981,16552462,936,2023-06-02,4622,,2023-06-02 12:52:19,
1150,PEON-36384,Read Approval exemption,Read Approval exemption,1,2,1,"",1,277981,16552463,936,2023-06-02,4622,,2023-06-02 12:52:19,
1151,PEON-16315,Update Approval exemption,Update Approval exemption,1,3,1,"",1,277981,16552464,936,2023-06-02,4622,,2023-06-02 12:52:19,
1152,PEON-19628,Delete Approval exemption,Delete Approval exemption,1,4,1,"",1,277981,16552465,936,2023-06-02,4622,,2023-06-02 12:52:19,
1153,PEON-13368,Create Expense vote heads category,Create Expense vote heads category,1,1,1,"",1,277982,16552466,936,2023-06-02,3714,,2023-06-02 12:52:19,
1154,PEON-49985,Read Expense vote heads category,Read Expense vote heads category,1,2,1,"",1,277982,16552467,936,2023-06-02,3714,,2023-06-02 12:52:19,
1155,PEON-62319,Update Expense vote heads category,Update Expense vote heads category,1,3,1,"",1,277982,16552468,936,2023-06-02,3714,,2023-06-02 12:52:19,
1156,PEON-8747,Delete Expense vote heads category,Delete Expense vote heads category,1,4,1,"",1,277982,16552469,936,2023-06-02,3714,,2023-06-02 12:52:19,
1157,PEON-74167,Create Funding stream,Create Funding stream,1,1,1,"",1,277983,16552470,936,2023-06-02,3714,,2023-06-02 12:52:20,
1158,PEON-65328,Read Funding stream,Read Funding stream,1,2,1,"",1,277983,16552472,936,2023-06-02,3714,,2023-06-02 12:52:20,
1159,PEON-7039,Update Funding stream,Update Funding stream,1,3,1,"",1,277983,16552473,936,2023-06-02,3714,,2023-06-02 12:52:20,
1160,PEON-10812,Delete Funding stream,Delete Funding stream,1,4,1,"",1,277983,16552474,936,2023-06-02,3714,,2023-06-02 12:52:20,
1161,PEON-75360,Create Income vote heads category,Create Income vote heads category,1,1,1,"",1,277984,16552475,936,2023-06-02,3714,,2023-06-02 12:52:20,
1162,PEON-66363,Read Income vote heads category,Read Income vote heads category,1,2,1,"",1,277984,16552476,936,2023-06-02,3714,,2023-06-02 12:52:20,
1163,PEON-66076,Update Income vote heads category,Update Income vote heads category,1,3,1,"",1,277984,16552477,936,2023-06-02,3714,,2023-06-02 12:52:20,
1164,PEON-77246,Delete Income vote heads category,Delete Income vote heads category,1,4,1,"",1,277984,16552478,936,2023-06-02,3714,,2023-06-02 12:52:20,
1165,PEON-89650,Create Item reason,Create Item reason,1,1,1,"",1,277985,16552479,936,2023-06-02,3714,,2023-06-02 12:52:20,
1166,PEON-32194,Read Item reason,Read Item reason,1,2,1,"",1,277985,16552480,936,2023-06-02,3714,,2023-06-02 12:52:20,
1167,PEON-37101,Create Medical claim admin setting,Create Medical claim admin setting,1,1,1,"",1,277986,16552481,936,2023-06-02,4622,,2023-06-02 12:52:20,
1168,PEON-85058,Read Medical claim admin setting,Read Medical claim admin setting,1,2,1,"",1,277986,16552483,936,2023-06-02,4622,,2023-06-02 12:52:20,
1169,PEON-54293,Update Item reason,Update Item reason,1,3,1,"",1,277985,16552482,936,2023-06-02,3714,,2023-06-02 12:52:20,
1170,PEON-24074,Update Medical claim admin setting,Update Medical claim admin setting,1,3,1,"",1,277986,16552484,936,2023-06-02,4622,,2023-06-02 12:52:20,
1171,PEON-4284,Delete Medical claim admin setting,Delete Medical claim admin setting,1,4,1,"",1,277986,16552486,936,2023-06-02,4622,,2023-06-02 12:52:20,
1172,PEON-16864,Delete Item reason,Delete Item reason,1,4,1,"",1,277985,16552485,936,2023-06-02,3714,,2023-06-02 12:52:20,
1173,PEON-10365,Create Medical claim type,Create Medical claim type,1,1,1,"",1,277987,16552487,936,2023-06-02,3714,,2023-06-02 12:52:21,
1174,PEON-87093,Read Medical claim type,Read Medical claim type,1,2,1,"",1,277987,16552488,936,2023-06-02,3714,,2023-06-02 12:52:21,
1175,PEON-78912,Update Medical claim type,Update Medical claim type,1,3,1,"",1,277987,16552489,936,2023-06-02,3714,,2023-06-02 12:52:21,
1176,PEON-40524,Delete Medical claim type,Delete Medical claim type,1,4,1,"",1,277987,16552490,936,2023-06-02,3714,,2023-06-02 12:52:21,
1177,PEON-63886,Create Office user,Create Office user,1,1,1,"",1,277988,16552493,936,2023-06-02,3714,,2023-06-02 12:52:21,
1178,PEON-75564,Read Office user,Read Office user,1,2,1,"",1,277988,16552494,936,2023-06-02,3714,,2023-06-02 12:52:21,
1179,PEON-9167,Update Office user,Update Office user,1,3,1,"",1,277988,16552495,936,2023-06-02,3714,,2023-06-02 12:52:21,
1180,PEON-18787,Delete Office user,Delete Office user,1,4,1,"",1,277988,16552496,936,2023-06-02,3714,,2023-06-02 12:52:21,
1181,PEON-11533,Create Reimbursement app type,Create Reimbursement app type,1,1,1,"",1,277993,16552497,939,2023-06-02,4185,,2023-06-02 12:52:22,
1183,PEON-53221,Read Reimbursement app type,Read Reimbursement app type,1,2,1,"",1,277993,16552499,939,2023-06-02,4185,,2023-06-02 12:52:22,
1185,PEON-75974,Update Reimbursement app type,Update Reimbursement app type,1,3,1,"",1,277993,16552501,939,2023-06-02,4185,,2023-06-02 12:52:22,
1187,PEON-24993,Delete Reimbursement app type,Delete Reimbursement app type,1,4,1,"",1,277993,16552503,939,2023-06-02,4185,,2023-06-02 12:52:22,
1190,PEON-73313,Create Reimbursement claim,Create Reimbursement claim,1,1,1,"","0",277994,16552506,939,2023-06-02,4185,,2023-06-02 12:52:22,
1191,PEON-27844,Read Reimbursement claim,Read Reimbursement claim,1,2,1,"","0",277994,16552507,939,2023-06-02,4185,,2023-06-02 12:52:22,
1193,PEON-35783,Update Reimbursement claim,Update Reimbursement claim,1,3,1,"","0",277994,16552509,939,2023-06-02,4185,,2023-06-02 12:52:22,
1195,PEON-41761,Delete Reimbursement claim,Delete Reimbursement claim,1,4,1,"",1,277994,16552511,939,2023-06-02,4185,,2023-06-02 12:52:22,
1201,PEON-50410,Create Reimbursement comment,Create Reimbursement comment,1,1,1,"",1,277998,16552517,936,2023-06-02,3860,,2023-06-02 12:52:23,
1203,PEON-89631,Read Reimbursement comment,Read Reimbursement comment,1,2,1,"",1,277998,16552519,936,2023-06-02,3860,,2023-06-02 12:52:23,
1205,PEON-81998,Update Reimbursement comment,Update Reimbursement comment,1,3,1,"",1,277998,16552521,936,2023-06-02,3860,,2023-06-02 12:52:23,
1207,PEON-52578,Delete Reimbursement comment,Delete Reimbursement comment,1,4,1,"",1,277998,16552523,936,2023-06-02,3860,,2023-06-02 12:52:23,
1209,PEON-1255,Create Reimbursement diagnosis type,Create Reimbursement diagnosis type,1,1,1,"",1,277999,16552525,943,2023-06-02,2325,,2023-06-02 12:52:23,
1212,PEON-74253,Read Reimbursement diagnosis type,Read Reimbursement diagnosis type,1,2,1,"",1,277999,16552528,943,2023-06-02,2325,,2023-06-02 12:52:23,
1215,PEON-21678,Update Reimbursement diagnosis type,Update Reimbursement diagnosis type,1,3,1,"",1,277999,16552531,943,2023-06-02,2325,,2023-06-02 12:52:24,
1218,PEON-5632,Delete Reimbursement diagnosis type,Delete Reimbursement diagnosis type,1,4,1,"",1,277999,16552534,943,2023-06-02,2325,,2023-06-02 12:52:24,
1221,PEON-54863,Create Reimbursement funding type,Create Reimbursement funding type,1,1,1,"",1,278006,16552537,936,2023-06-02,3860,,2023-06-02 12:52:24,
1223,PEON-50524,Read Reimbursement funding type,Read Reimbursement funding type,1,2,1,"",1,278006,16552539,936,2023-06-02,3860,,2023-06-02 12:52:24,
1225,PEON-20027,Create Reimbursement illiness category,Create Reimbursement illiness category,1,1,1,"",1,278007,16552541,936,2023-06-02,3891,,2023-06-02 12:52:24,
1226,PEON-66555,Update Reimbursement funding type,Update Reimbursement funding type,1,3,1,"",1,278006,16552542,936,2023-06-02,3860,,2023-06-02 12:52:24,
1227,PEON-89082,Read Reimbursement illiness category,Read Reimbursement illiness category,1,2,1,"",1,278007,16552543,936,2023-06-02,3891,,2023-06-02 12:52:24,
1229,PEON-2650,Delete Reimbursement funding type,Delete Reimbursement funding type,1,4,1,"",1,278006,16552545,936,2023-06-02,3860,,2023-06-02 12:52:24,
1230,PEON-23772,Update Reimbursement illiness category,Update Reimbursement illiness category,1,3,1,"",1,278007,16552546,936,2023-06-02,3891,,2023-06-02 12:52:24,
1232,PEON-14874,Delete Reimbursement illiness category,Delete Reimbursement illiness category,1,4,1,"",1,278007,16552548,936,2023-06-02,3891,,2023-06-02 12:52:24,
1233,PEON-9938,Create Scheduled task,Create Scheduled task,1,1,1,"",1,278008,16552549,936,2023-06-02,3891,,2023-06-02 12:52:24,
1234,PEON-24657,Read Scheduled task,Read Scheduled task,1,2,1,"",1,278008,16552550,936,2023-06-02,3891,,2023-06-02 12:52:24,
1235,PEON-36175,Update Scheduled task,Update Scheduled task,1,3,1,"",1,278008,16552551,936,2023-06-02,3891,,2023-06-02 12:52:24,
1236,PEON-65502,Delete Scheduled task,Delete Scheduled task,1,4,1,"",1,278008,16552552,936,2023-06-02,3891,,2023-06-02 12:52:24,
1244,PEON-48334,Create Replicate opening balances,Create Replicate opening balances,1,1,1,"",1,278009,16552560,939,2023-06-02,826,,2023-06-02 12:52:25,
1245,PEON-61664,Read Replicate opening balances,Read Replicate opening balances,1,2,1,"",1,278009,16552561,939,2023-06-02,826,,2023-06-02 12:52:25,
1246,PEON-58305,Update Replicate opening balances,Update Replicate opening balances,1,3,1,"",1,278009,16552562,939,2023-06-02,826,,2023-06-02 12:52:25,
1248,PEON-84295,Delete Replicate opening balances,Delete Replicate opening balances,1,4,1,"",1,278009,16552564,939,2023-06-02,826,,2023-06-02 12:52:25,
1252,PEON-39759,Create Fund balance summary report,Create Fund balance summary report,1,1,1,"",1,278010,16552576,936,2023-06-02,4622,,2023-06-02 12:52:26,
1253,PEON-74061,Read Fund balance summary report,Read Fund balance summary report,1,2,1,"","0",278010,16552577,936,2023-06-02,4622,,2023-06-02 12:52:26,
1255,PEON-9788,Update Fund balance summary report,Update Fund balance summary report,1,3,1,"",1,278010,16552578,936,2023-06-02,4622,,2023-06-02 12:52:26,
1256,PEON-78287,Delete Fund balance summary report,Delete Fund balance summary report,1,4,1,"",1,278010,16552580,936,2023-06-02,4622,,2023-06-02 12:52:26,
1269,PEON-82404,Create User account activation,Create User account activation,1,1,1,"",1,278011,21385689,936,2023-09-28,4118,,2023-09-28 08:54:19,
1270,PEON-20643,Read User account activation,Read User account activation,1,2,1,"","0",278011,21385690,936,2023-09-28,4118,,2023-09-28 08:54:19,
1271,PEON-17557,Update User account activation,Update User account activation,1,3,1,"",1,278011,21385691,936,2023-09-28,4118,,2023-09-28 08:54:19,
1272,PEON-64210,Delete User account activation,Delete User account activation,1,4,1,"",1,278011,21385692,936,2023-09-28,4118,,2023-09-28 08:54:19,
1281,PEON-61375,Create Custom financial year,Create Custom financial year,1,1,1,"","0",278014,23635027,936,2023-10-17,4504,,2023-10-17 04:55:43,
1282,PEON-77059,Read Custom financial year,Read Custom financial year,1,2,1,"","0",278014,23635028,936,2023-10-17,4504,,2023-10-17 04:55:43,
1283,PEON-18781,Update Custom financial year,Update Custom financial year,1,3,1,"",1,278014,23635029,936,2023-10-17,4504,,2023-10-17 04:55:43,
1284,PEON-87354,Delete Custom financial year,Delete Custom financial year,1,4,1,"",1,278014,23635030,936,2023-10-17,4504,,2023-10-17 04:55:43,
1285,PEON-36580,Create Financial review dashboard,Create Financial review dashboard,1,1,1,"",1,278015,23635031,936,2023-10-17,4504,,2023-10-17 04:55:44,
1286,PEON-63109,Read Financial review dashboard,Read Financial review dashboard,1,2,1,"","0",278015,23635032,936,2023-10-17,4504,,2023-10-17 04:55:44,
1287,PEON-59097,Update Financial review dashboard,Update Financial review dashboard,1,3,1,"",1,278015,23635033,936,2023-10-17,4504,,2023-10-17 04:55:44,
1288,PEON-56936,Delete Financial review dashboard,Delete Financial review dashboard,1,4,1,"",1,278015,23635034,936,2023-10-17,4504,,2023-10-17 04:55:44,
17137,PEON-82597,Create Strategic objectives,Create Strategic objectives,1,1,1,"",1,281978,28909513,939,2024-03-15,306,,2024-03-15 09:20:26,
17138,PEON-71534,Read Strategic objectives,Read Strategic objectives,1,2,1,"",1,281978,28909514,939,2024-03-15,306,,2024-03-15 09:20:26,
17139,PEON-14417,Update Strategic objectives,Update Strategic objectives,1,3,1,"",1,281978,28909515,939,2024-03-15,306,,2024-03-15 09:20:26,
17140,PEON-72599,Delete Strategic objectives,Delete Strategic objectives,1,4,1,"",1,281978,28909516,939,2024-03-15,306,,2024-03-15 09:20:26,
17141,PEON-66789,Create Unique identifier,Create Unique identifier,1,1,1,"","0",281979,28909517,939,2024-03-15,306,,2024-03-15 09:20:26,
17142,PEON-66038,Read Unique identifier,Read Unique identifier,1,2,1,"","0",281979,28909518,939,2024-03-15,306,,2024-03-15 09:20:26,
17143,PEON-13808,Update Unique identifier,Update Unique identifier,1,3,1,"","0",281979,28909519,939,2024-03-15,306,,2024-03-15 09:20:26,
17144,PEON-86524,Delete Unique identifier,Delete Unique identifier,1,4,1,"",1,281979,28909520,939,2024-03-15,306,,2024-03-15 09:20:26,
17413,PEON-57431,Create Cancel cheque,Create Cancel cheque,1,1,1,"","0",282047,33636628,4177,2024-07-18,5718,,2024-07-18 14:25:34,
17414,PEON-64951,Read Cancel cheque,Read Cancel cheque,1,2,1,"","0",282047,33636629,4177,2024-07-18,5718,,2024-07-18 14:25:34,
17415,PEON-83700,Update Cancel cheque,Update Cancel cheque,1,3,1,"",1,282047,33636630,4177,2024-07-18,5718,,2024-07-18 14:25:34,
17416,PEON-53757,Delete Cancel cheque,Delete Cancel cheque,1,4,1,"",1,282047,33636631,4177,2024-07-18,5718,,2024-07-18 14:25:34,
33918,PEON-45196,Create Activate all users,Create Activate all users,1,1,1,"",1,286174,35215028,936,2024-09-13,3432,,2024-09-13 09:40:10,
33920,PEON-4232,Read Activate all users,Read Activate all users,1,2,1,"",1,286174,35215029,936,2024-09-13,3432,,2024-09-13 09:40:10,
33923,PEON-34497,Update Activate all users,Update Activate all users,1,3,1,"",1,286174,35215032,936,2024-09-13,3432,,2024-09-13 09:40:10,
33924,PEON-81756,Delete Activate all users,Delete Activate all users,1,4,1,"",1,286174,35215033,936,2024-09-13,3432,,2024-09-13 09:40:10,
45273,PEON-44886,Create Cheque book reset constraint,Create Cheque book reset constraint,1,1,1,"",1,289012,35272535,943,2024-09-16,7339,,2024-09-16 13:14:17,
45274,PEON-12922,Read Cheque book reset constraint,Read Cheque book reset constraint,1,2,1,"",1,289012,35272536,943,2024-09-16,7339,,2024-09-16 13:14:17,
45275,PEON-74843,Update Cheque book reset constraint,Update Cheque book reset constraint,1,3,1,"",1,289012,35272537,943,2024-09-16,7339,,2024-09-16 13:14:17,
45276,PEON-69250,Delete Cheque book reset constraint,Delete Cheque book reset constraint,1,4,1,"",1,289012,35272538,943,2024-09-16,7339,,2024-09-16 13:14:17,
